<?xml version="1.0" encoding="UTF-8" standalone="yes"?>
 <raml xmlns="raml21.xsd" version="2.1">
  <cmData type="plan" scope="all" id="4027389370">
    <managedObject class="com.nokia.srbts.eqm:EAC_IN" distName="chagedistName/EQM-1/APEQM-1/CABINET-1/SMOD-1/EAC_IN-1" version="changeversion" operation="create">
      <p name="cancelDelay">60</p>
      <p name="descr">AC Power Fail</p>
      <p name="inUse">false</p>
      <p name="polarity">Normally_closed</p>
      <p name="portId">1</p>
      <p name="severity">Major</p>
      <p name="startDelay">0</p>
    </managedObject>
	<managedObject class="com.nokia.srbts.eqm:EAC_IN" distName="chagedistName/EQM-1/APEQM-1/CABINET-1/SMOD-1/EAC_IN-2" version="changeversion" operation="create">
      <p name="cancelDelay">60</p>
      <p name="descr">AC Surge</p>
      <p name="inUse">false</p>
      <p name="polarity">Normally_closed</p>
      <p name="portId">2</p>
      <p name="severity">Minor</p>
      <p name="startDelay">0</p>
    </managedObject>
	<managedObject class="com.nokia.srbts.eqm:EAC_IN" distName="chagedistName/EQM-1/APEQM-1/CABINET-1/SMOD-1/EAC_IN-3" version="changeversion" operation="create">
      <p name="cancelDelay">60</p>
      <p name="descr">Tower Light</p>
      <p name="inUse">false</p>
      <p name="polarity">Normally_closed</p>
      <p name="portId">3</p>
      <p name="severity">Major</p>
      <p name="startDelay">0</p>
    </managedObject>
    <managedObject class="com.nokia.srbts.eqm:EAC_IN" distName="chagedistName/EQM-1/APEQM-1/CABINET-1/SMOD-1/EAC_IN-4" version="changeversion" operation="create">
      <p name="cancelDelay">60</p>
      <p name="descr">Smoke</p>
      <p name="inUse">false</p>
      <p name="polarity">Normally_closed</p>
      <p name="portId">4</p>
      <p name="severity">Critical</p>
      <p name="startDelay">0</p>
    </managedObject>
    <managedObject class="com.nokia.srbts.eqm:EAC_IN" distName="chagedistName/EQM-1/APEQM-1/CABINET-1/SMOD-1/EAC_IN-5" version="changeversion" operation="create">
      <p name="cancelDelay">60</p>
      <p name="descr">Shelter Door Open</p>
      <p name="inUse">false</p>
      <p name="polarity">Normally_closed</p>
      <p name="portId">5</p>
      <p name="severity">Major</p>
      <p name="startDelay">0</p>
    </managedObject>
    <managedObject class="com.nokia.srbts.eqm:EAC_IN" distName="chagedistName/EQM-1/APEQM-1/CABINET-1/SMOD-1/EAC_IN-6" version="changeversion" operation="create">
      <p name="cancelDelay">60</p>
      <p name="descr">Motion Sensor</p>
      <p name="inUse">false</p>
      <p name="polarity">Normally_closed</p>
      <p name="portId">6</p>
      <p name="severity">Major</p>
      <p name="startDelay">0</p>
    </managedObject>
    <managedObject class="com.nokia.srbts.eqm:EAC_IN" distName="chagedistName/EQM-1/APEQM-1/CABINET-1/SMOD-1/EAC_IN-7" version="changeversion" operation="create">
      <p name="cancelDelay">60</p>
      <p name="descr">AC Panel Door</p>
      <p name="inUse">false</p>
      <p name="polarity">Normally_closed</p>
      <p name="portId">7</p>
      <p name="severity">Minor</p>
      <p name="startDelay">0</p>
    </managedObject>
    <managedObject class="com.nokia.srbts.eqm:EAC_IN" distName="chagedistName/EQM-1/APEQM-1/CABINET-1/SMOD-1/EAC_IN-8" version="changeversion" operation="create">
      <p name="cancelDelay">60</p>
      <p name="descr">Battery Cabinet Door Open</p>
      <p name="inUse">false</p>
      <p name="polarity">Normally_closed</p>
      <p name="portId">8</p>
      <p name="severity">Major</p>
      <p name="startDelay">0</p>
    </managedObject>
    <managedObject class="com.nokia.srbts.eqm:EAC_IN" distName="chagedistName/EQM-1/APEQM-1/CABINET-1/SMOD-1/EAC_IN-9" version="changeversion" operation="create">
      <p name="cancelDelay">60</p>
      <p name="descr">Low Temp Shelter</p>
      <p name="inUse">false</p>
      <p name="polarity">Normally_closed</p>
      <p name="portId">9</p>
      <p name="severity">Minor</p>
      <p name="startDelay">0</p>
    </managedObject>
    <managedObject class="com.nokia.srbts.eqm:EAC_IN" distName="chagedistName/EQM-1/APEQM-1/CABINET-1/SMOD-1/EAC_IN-10" version="changeversion" operation="create">
      <p name="cancelDelay">60</p>
      <p name="descr">High Temp Shelter</p>
      <p name="inUse">false</p>
      <p name="polarity">Normally_closed</p>
      <p name="portId">10</p>
      <p name="severity">Major</p>
      <p name="startDelay">0</p>
    </managedObject>
    <managedObject class="com.nokia.srbts.eqm:EAC_IN" distName="chagedistName/EQM-1/APEQM-1/CABINET-1/SMOD-1/EAC_IN-11" version="changeversion" operation="create">
      <p name="cancelDelay">60</p>
      <p name="descr">HVAC Fail Major</p>
      <p name="inUse">false</p>
      <p name="polarity">Normally_closed</p>
      <p name="portId">11</p>
      <p name="severity">Major</p>
      <p name="startDelay">0</p>
    </managedObject>
    <managedObject class="com.nokia.srbts.eqm:EAC_IN" distName="chagedistName/EQM-1/APEQM-1/CABINET-1/SMOD-1/EAC_IN-12" version="changeversion" operation="create">
      <p name="cancelDelay">60</p>
      <p name="descr">HVAC Fail Minor</p>
      <p name="inUse">false</p>
      <p name="polarity">Normally_closed</p>
      <p name="portId">12</p>
      <p name="severity">Minor</p>
      <p name="startDelay">0</p>
    </managedObject>
    <managedObject class="com.nokia.srbts.eqm:EAC_IN" distName="chagedistName/EQM-1/APEQM-1/CABINET-1/SMOD-1/EAC_IN-13" version="changeversion" operation="create">
      <p name="cancelDelay">60</p>
      <p name="descr">Minor Power Unit</p>
      <p name="inUse">false</p>
      <p name="polarity">Normally_closed</p>
      <p name="portId">13</p>
      <p name="severity">Minor</p>
      <p name="startDelay">0</p>
    </managedObject>
    <managedObject class="com.nokia.srbts.eqm:EAC_IN" distName="chagedistName/EQM-1/APEQM-1/CABINET-1/SMOD-1/EAC_IN-14" version="changeversion" operation="create">
      <p name="cancelDelay">60</p>
      <p name="descr">Major Power Unit</p>
      <p name="inUse">false</p>
      <p name="polarity">Normally_closed</p>
      <p name="portId">14</p>
      <p name="severity">Major</p>
      <p name="startDelay">0</p>
    </managedObject>
    <managedObject class="com.nokia.srbts.eqm:EAC_IN" distName="chagedistName/EQM-1/APEQM-1/CABINET-1/SMOD-1/EAC_IN-15" version="changeversion" operation="create">
      <p name="cancelDelay">60</p>
      <p name="descr">CSU Fail</p>
      <p name="inUse">false</p>
      <p name="polarity">Normally_closed</p>
      <p name="portId">15</p>
      <p name="severity">Major</p>
      <p name="startDelay">0</p>
    </managedObject>
    <managedObject class="com.nokia.srbts.eqm:EAC_IN" distName="chagedistName/EQM-1/APEQM-1/CABINET-1/SMOD-1/EAC_IN-16" version="changeversion" operation="create">
      <p name="cancelDelay">60</p>
      <p name="descr">Battery Climate Controller</p>
      <p name="inUse">false</p>
      <p name="polarity">Normally_closed</p>
      <p name="portId">16</p>
      <p name="severity">Major</p>
      <p name="startDelay">0</p>
    </managedObject>
    <managedObject class="com.nokia.srbts.eqm:EAC_IN" distName="chagedistName/EQM-1/APEQM-1/CABINET-1/SMOD-1/EAC_IN-17" version="changeversion" operation="create">
      <p name="cancelDelay">60</p>
      <p name="descr">Generator Running</p>
      <p name="inUse">false</p>
      <p name="polarity">Normally_closed</p>
      <p name="portId">17</p>
      <p name="severity">Minor</p>
      <p name="startDelay">0</p>
    </managedObject>
    <managedObject class="com.nokia.srbts.eqm:EAC_IN" distName="chagedistName/EQM-1/APEQM-1/CABINET-1/SMOD-1/EAC_IN-18" version="changeversion" operation="create">
      <p name="cancelDelay">60</p>
      <p name="descr">Generator Fault</p>
      <p name="inUse">false</p>
      <p name="polarity">Normally_closed</p>
      <p name="portId">18</p>
      <p name="severity">Major</p>
      <p name="startDelay">0</p>
    </managedObject>
    <managedObject class="com.nokia.srbts.eqm:EAC_IN" distName="chagedistName/EQM-1/APEQM-1/CABINET-1/SMOD-1/EAC_IN-19" version="changeversion" operation="create">
      <p name="cancelDelay">60</p>
      <p name="descr">N/A</p>
      <p name="inUse">false</p>
      <p name="polarity">Normally_closed</p>
      <p name="portId">19</p>
      <p name="severity">Minor</p>
      <p name="startDelay">0</p>
    </managedObject>
        <managedObject class="com.nokia.srbts.eqm:EAC_IN" distName="chagedistName/EQM-1/APEQM-1/CABINET-1/SMOD-1/EAC_IN-20" version="changeversion" operation="create">
      <p name="cancelDelay">60</p>
      <p name="descr">N/A</p>
      <p name="inUse">false</p>
      <p name="polarity">Normally_closed</p>
      <p name="portId">20</p>
      <p name="severity">Minor</p>
      <p name="startDelay">0</p>
    </managedObject>
  </cmData>
 </raml>
    